Name,Unit,Expression,Value,Comments,Favorite
FrameLong,mm,75 mm,75.00,Base steel dimension for entire machine,true
FrameShort,mm,50 mm,50.00,Base steel dimension for entire machine,true
FrameThick,mm,3 mm,3.00,Base steel dimension for entire machine,true
FrameRadius,mm,6 mm,6.00,Base steel dimension for entire machine,true
XFrameWidth,mm,FrameLong,75.00,XFrame specific dimension if different from base.,false
XFrameHeight,mm,FrameShort,50.00,XFrame specific dimension if different from base.,false
XFrameThick,mm,FrameThick,3.00,XFrame specific dimension if different from base.,false
XFrameRadius,mm,FrameRadius,6.00,XFrame specific dimension if different from base.,false
YFrameHeight,mm,FrameLong,75.00,YFrame specific dimension if different from base.,false
YFrameWidth,mm,FrameShort,50.00,YFrame specific dimension if different from base.,false
YFrameThick,mm,FrameThick,3.00,YFrame specific dimension if different from base.,false
YFrameRadius,mm,FrameRadius,6.00,YFrame specific dimension if different from base.,false
XCuttingArea,mm,625 mm,625.00,Set to desired Xaxis cutting area.,true
YCuttingArea,mm,625 mm,625.00,Set to desired Yaxis cutting area.,true
calcXFrameLength,mm,calcXRailLength + floor(( YFrameWidth + YRollerWidth + XRailtoYRollerLeftGap + XRailtoYRollerRightGap ) / 5) * 5,950.00,"Calculation parameter. Changes will cause design failures, alter at your own risk.",false
calcYFrameLength,mm,calcYRailLength + 150 mm,950.00,"Calculation parameter. Changes will cause design failures, alter at your own risk.",false
XFrameCount,,max(3; ceil(( calcYFrameLength - XFrameBackOffset - XFrameFrontOffset - XFrameWidth ) / ( 250 mm + XFrameWidth ))),3,Info: This can be changed to a set value if more or less XFrame tubing are desired.,true
calcXRailLength,mm,( SRF * ceil(( XCuttingArea + 65 mm + ( ( XCarriageCount * 50 ) * 1 mm ) ) / SRF) ),800.00,"Calculation parameter. Changes will cause design failures, alter at your own risk.",true
calcYRailLength,mm,( SRF * ceil(( YCuttingArea + 65 mm + ( ( YCarriageCount * 50 ) * 1 mm ) ) / SRF) ),800.00,"Calculation parameter. Changes will cause design failures, alter at your own risk.",true
XGantryHeight,mm,75 mm,75.00,XGantry specific dimension if different from base.,true
XGantryWidth,mm,75 mm,75.00,XGantry specific dimension if different from base.,true
XGantryThick,mm,4 mm,4.00,XGantry specific dimension if different from base.,true
XGantryRadius,mm,10 mm,10.00,XGantry specific dimension if different from base.,true
YRollerHeight,mm,FrameShort,50.00,YRoller specific dimension if different from base.,true
YRollerWidth,mm,max(FrameLong; XFrameWidth),75.00,YRoller specific dimension if different from base.,true
YRollerThick,mm,3 mm,3.00,Use 3mm thickness steel for 75mm roller width to prevent radius to bolt head conflict,true
YRollerRadius,mm,FrameRadius,6.00,YRoller specific dimension if different from base.,true
YRollerLength,mm,50 mm + ( YCarriageCount * 50 mm ),150.00,YRoller specific dimension if different from base.,true
XGantryOffset,mm,25 mm,25.00,Sets Gantry back from center of Y roller to allow addition of gusset bracket.,true
SRF,,25,25,"Steel Rounding Factor.  Set to 5, 10, 25, or 50 as desired.",true
calcYRailStartingHole,mm,( ( calcYRailLength - ( ( calcYRailHoleCount - 1 ) * 60 mm ) ) / 2 ),10.00,"Calculation parameter. Changes will cause design failures, alter at your own risk.",false
calcYRailHoleCount,No Units,floor(( ( calcYRailLength - 14 mm ) / 60 mm ) + 1),14,"Calculation parameter. Changes will cause design failures, alter at your own risk.",false
calcXRailStartingHole,mm,( ( calcXRailLength - ( ( calcXRailHoleCount - 1 ) * 60 mm ) ) / 2 ),10.00,"Calculation parameter. Changes will cause design failures, alter at your own risk.",false
calcXRailHoleCount,,floor(( ( calcXRailLength - 14 mm ) / 60 mm ) + 1),14,"Calculation parameter. Changes will cause design failures, alter at your own risk.",false
calcZRailStartingHole,mm,( ( ZRailLength - ( ( calcZRailHoleCount - 1 ) * 60 mm ) ) / 2 ),30.00,"Calculation parameter. Changes will cause design failures, alter at your own risk.",false
calcZRailHoleCount,,floor(( ( ZRailLength - 14 mm ) / 60 mm ) + 1),5,"Calculation parameter. Changes will cause design failures, alter at your own risk.",false
YCarriageCount,,2,2,Number of Y Carriages per linear rail.,true
XCarriageCount,,2,2,Number of X Carriages per linear rail.,true
XTopRollerHeight,mm,FrameShort,50.00,XTopRoller specific dimension if different from base.,true
XTopRollerWidth,mm,max(FrameLong; XGantryWidth),75.00,XTopRoller specific dimension if different from base.,true
XTopRollerThick,mm,3 mm,3.00,Use 3mm thickness steel for 75mm roller width to prevent radius to bolt head conflict,true
XTopRollerRadius,mm,FrameRadius,6.00,XTopRoller specific dimension if different from base.,true
XBottomRollerHeight,mm,50 mm,50.00,XBottomRoller height,true
XBottomRollerWidth,mm,max(75 mm; 25 * ceil(( XTopRollerWidth + XRollerShimThick - 6 mm ) / 25)),100.00,Edit to actual width of XBottomRoller to adjust for lower drill guide.,true
XBottomRollerThick,mm,6 mm,6.00,XBottomRoller thickness,true
XBottomRollerRadius,mm,6 mm,6.00,"XBottomRoller radius.  For 6061, measure using radius tool.  For 6063, set to 0.",true
XRollerLength,mm,50 mm + ( XCarriageCount * 50 mm ),150.00,Calculated based on minimum distance between HGW20CC carriages.  Can be manually set longer.,true
YCarriageB,mm,53 mm,53.00,"Affects the drill guides only: 53 for HGW20CC, 32 for HGH20CA",false
YCarriageC,mm,40 mm,40.00,"Affects the drill guides only: 40 for HGW20CC, 36 for HGH20CA",false
YCarriageHeight,mm,30 mm,30.00,Future Parameter - not implemented,false
XCarriageB,mm,53 mm,53.00,"Affects the drill guides only: 53 for HGW20CC, 32 for HGH20CA",false
XCarriageC,mm,40 mm,40.00,"Affects the drill guides only: 40 for HGW20CC, 36 for HGH20CA",false
XCarriageHeight,mm,30 mm,30.00,Future Parameter - not implemented,false
XRollerOffset,mm,0 mm,0.00,Moves the XTopRoller towards the back of the CNC if using 50x100 for top roller,true
SpindleClampHoleHorizontal,mm,125 mm,125.00,"Spindle Clamp Hole spacing width: 108 for Narrow, 125 for Standard 80mm spindle clamp",true
SpindleClampHoleVertical,mm,64 mm,64.00,"Spindle Clamp Hole spacing height: 50 for Narrow,  64 for Standard 80mm spindle clamp",true
XGantryLength,mm,calcXFrameLength + ( YRollerWidth - YFrameWidth ),975.00,Length of XGantry,true
XFrameFrontOffset,mm,50 mm,50.00,Moves the front XFrame tubing back. Set this to 150 to move the first X frame steel back for vertical clamping,true
XFrameBackOffset,mm,50 mm,50.00,Moves the rear XFrame tubing forward,true
calcXYFrmXAxis,mm,floor(YFrameWidth / 2 - ( YFrameThick * 2 + 6 mm )),13.00,"Calculation parameter. Changes will cause design failures, alter at your own risk.",false
calcXYFrmYAxis,mm,floor(XFrameWidth / 2 - ( XFrameThick * 2 + 6 mm )) - AdjXYFrameHoles,25.00,"Calculation parameter. Changes will cause design failures, alter at your own risk.",false
RollerPlateThick,mm,15 mm,15.00,"12mm for milled aluminum, 15mm for 3d printed",true
XRollerShimThick,mm,8 mm,8.00,Adds shim between XTopRoller and ZPlate. Set 8mm to use 6mm angle and square tubing.,true
calcGanYRolXAxis,mm,floor(YRollerWidth / 2 - ( YRollerThick * 2 + 6 mm )),25.00,"Calculation parameter. Changes will cause design failures, alter at your own risk.",false
calcGanYRolYAxis,mm,( ( KitEnable * 22.5 ) * 1 mm ) + ( ( ( KitEnable - 1 ) * -1 ) * ( floor(XGantryWidth / 2 - ( XGantryThick * 2 + 6 mm )) - AdjXGanYRolHoles ) ),22.00,"Calculation parameter. Changes will cause design failures, alter at your own risk.",false
ZCarriageCount,,2,2,"Number of Z Carriages per linear rail. 1 uses HGW20CC, 2 uses HGH15CA",false
calcZPlateHoleWidth,mm,( 8 mm + ( ( ZCarriageCount * 28 ) * 1 mm ) ) / 2,32.00,Adjusts roller hole spacing for Single or Dual Carriage Z axis.,false
GantryBraceHeight,mm,75 mm,75.00,Gantry to Yroller brace height,false
GantryBraceWidth,mm,50 mm,50.00,Gantry to Yroller brace width,false
GantryBraceThick,mm,6 mm,6.00,Gantry to Yroller brace thickness,false
GantryBraceRadius,mm,6 mm,6.00,Gantry to Yroller brace radius,false
XRailtoYRollerLeftGap,mm,5 mm,5.00,"25 for single Xcarriage, 5 for dual Xcarriage",false
XRailtoYRollerRightGap,mm,20 mm,20.00,"25 for single Xcarriage, 20 for dual Xcarriage",false
AdjXYFrameHoles,mm,0 mm,0.00,,false
AdjXGanYRolHoles,mm,1 mm,1.00,Adjust to avoid bolt head to steel radius conflicts.,false
SpindleClampWidth,mm,135 mm,135.00,,false
SpindleClampHeight,mm,91 mm,91.00,,false
DrillGuideHoleDiameter,mm,3.2 mm,3.20,,true
GantryBraceLength,mm,YRollerWidth,75.00,Change to length of Gantry Brace if different than Y Roller Width,true
XBallscrewLength,mm,calcXRailLength + 100 mm,900.00,Info: XBallscrew Length,true
XRailLength,mm,calcXRailLength,800.00,Info: XRail Length,true
YRailLength,mm,calcYRailLength,800.00,Info: YRail Length,true
ZRailLength,mm,300 mm,300.00,"Info: ZRail Length - If using 350mm Z plate, change to 350
",true
YBallscrewLength,mm,calcYRailLength + 100 mm,900.00,Info: YBallscrew Length,true
ZBallscrewLength,mm,ZRailLength,300.00,Info: ZBallscrew Length,true
XGantryLengthImperial,in,ceil(( XGantryLength / 25.4 mm ) * 4 in) / 4,38.50,"Info: Rounds up to nearest 1/4"" for imperial lengths",true
XFrameLengthImperial,in,ceil(( calcXFrameLength / 25.4 mm ) * 4 in) / 4,37.50,"Info: Rounds up to nearest 1/4"" for imperial lengths",true
XRollerLengthImperial,in,ceil(XRollerLength / 25.4 mm) * 4 in / 4,6.00,"Info: Rounds up to nearest 1/4"" for imperial lengths",true
YFrameLengthImperial,in,ceil(( calcYFrameLength / 25.4 mm ) * 4 in) / 4,37.50,"Info: Rounds up to nearest 1/4"" for imperial lengths",true
YRollerLengthImperial,in,ceil(( YRollerLength / 25.4 mm ) * 4 in) / 4,6.00,"Info: Rounds up to nearest 1/4"" for imperial lengths",true
calcGantryBraceXHoleSpacing,mm,min(calcGanYRolXAxis; ( GantryBraceLength / 2 ) - 10 mm),25.00,,false
calcGantryBraceYHoleSpacing,mm,( GantryBraceWidth / 2 ) - GantryBraceThick * 2 - 3 mm,10.00,,false
calcGantryBraceZHoleSpacing,mm,( GantryBraceHeight / 2 ) - GantryBraceThick * 2 - 3 mm,22.50,,false
KitEnable,,0,0,"0 for DIY, 1 for Kit",false
